{
    "name": "SUMMIT",
    "id": "summit-datasource",
    "type": "datasource",
    "partials": {
        "config": "partials/config.html"
    },
    "metrics": true,
    "annotations": true,
    "info": {
        "author": {
            "name": "Open Source Friends"
        },
        "description": "SUMMIT JSON over HTTP datasource",
        "logos": {
            "small": "img/summit-logo-loader.png",
            "large": "img/summit-logo-loader.png"
        },
        "links": [
            {
                "name": "GitHub",
                "url": "https://github.com/simPod/grafana-json-datasource"
            },
            {
                "name": "MIT License",
                "url": "https://github.com/simPod/grafana-json-datasource/blob/master/LICENSE"
            }
        ],
        "version": "0.2.0",
        "updated": "2020-09-01"
    },
    "dependencies": {
        "grafanaVersion": "7.x.x",
        "plugins": [ ]
    }
}
